d6, 78, 8a, #d6788a, 0
c9, c1, 94, #c9c194, 0
5b, 05, 74, #5b0574, 1
80, 85, e1, #8085e1, 1
19, 4b, 14, #194b14, 0
b8, e8, 51, #b8e851, 0
23, 49, 72, #234972, 0
6b, 8f, 13, #6b8f13, 0
af, 46, 6b, #af466b, 0
0e, 88, ec, #0e88ec, 0
b3, eb, a2, #b3eba2, 0
f2, 4b, e4, #f24be4, 0
03, 21, 40, #032140, 0
87, 66, 99, #876699, 1
23, 52, 64, #235264, 0
53, f2, c9, #53f2c9, 0
58, a1, cf, #58a1cf, 0
19, 0b, 02, #190b02, 0
39, fd, 33, #39fd33, 0
b8, 05, b4, #b805b4, 0
f3, 89, 05, #f38905, 0
2a, 4d, 80, #2a4d80, 0
b8, c6, 56, #b8c656, 0
32, e7, 2b, #32e72b, 0
ee, d9, 2c, #eed92c, 0
98, b5, 09, #98b509, 0
af, a6, be, #afa6be, 0
d0, e2, 3c, #d0e23c, 0
51, c8, 49, #51c849, 0
94, e6, 28, #94e628, 0
7e, 08, f3, #7e08f3, 1
2a, 71, ee, #2a71ee, 0
ad, d8, 36, #add836, 0
26, 59, ce, #2659ce, 0
10, 56, 4a, #10564a, 0
de, 13, f8, #de13f8, 0
1e, 89, 1a, #1e891a, 0
9d, c6, e6, #9dc6e6, 0
cb, 8a, 0c, #cb8a0c, 0
0b, ce, f1, #0bcef1, 0
ed, ec, 00, #edec00, 0
3b, bb, 5b, #3bbb5b, 0
2f, 52, d5, #2f52d5, 0
64, 8b, e3, #648be3, 0
76, dd, 69, #76dd69, 0
ea, 30, 71, #ea3071, 0
39, 62, a7, #3962a7, 0
fd, 29, 6f, #fd296f, 0
0b, b3, 4b, #0bb34b, 0
61, 7a, 72, #617a72, 0
b8, f5, 2b, #b8f52b, 0
9a, b5, 84, #9ab584, 0
bf, bd, 71, #bfbd71, 0
46, 64, 32, #466432, 0
64, f3, 3d, #64f33d, 0
8d, fc, 53, #8dfc53, 0
2d, e6, ec, #2de6ec, 0
f0, 99, 00, #f09900, 0
82, 79, 86, #827986, 0
f8, fd, 8a, #f8fd8a, 0
4e, f6, 62, #4ef662, 0
56, 9f, 7f, #569f7f, 0
0a, 67, 2d, #0a672d, 0
af, 9b, 59, #af9b59, 0
7f, 21, f6, #7f21f6, 1
9a, 8f, 1e, #9a8f1e, 0
04, fb, 88, #04fb88, 0
1b, f5, bd, #1bf5bd, 0
1d, 0a, 8a, #1d0a8a, 1
f4, af, d9, #f4afd9, 0
7d, 43, e0, #7d43e0, 1
11, 85, 53, #118553, 0
c3, ef, b3, #c3efb3, 0
60, e2, c5, #60e2c5, 0
52, b0, cc, #52b0cc, 0
81, d7, 15, #81d715, 0
6f, 95, 98, #6f9598, 0
33, 88, ca, #3388ca, 0
83, 37, 30, #833730, 0
dd, c5, dc, #ddc5dc, 0
cc, 69, 3a, #cc693a, 0
16, ba, c3, #16bac3, 0
68, 67, c2, #6867c2, 1
f9, 85, bd, #f985bd, 0
40, d3, 81, #40d381, 0
81, 37, c8, #8137c8, 1
04, 0f, 8d, #040f8d, 0
ef, 23, 7e, #ef237e, 0
cb, d8, 14, #cbd814, 0
16, 07, 95, #160795, 1
32, 95, cb, #3295cb, 0
99, 08, d9, #9908d9, 1
bd, 7b, aa, #bd7baa, 1
9d, 1a, 32, #9d1a32, 0
e4, f5, aa, #e4f5aa, 0
69, 87, 51, #698751, 0
43, f4, 02, #43f402, 0
ad, 12, 10, #ad1210, 0
6c, 6e, 07, #6c6e07, 0
e7, ec, 34, #e7ec34, 0
e3, 3f, db, #e33fdb, 0
a9, 82, fa, #a982fa, 1
57, 75, a4, #5775a4, 0
9e, 96, 6d, #9e966d, 0
78, 16, 82, #781682, 1
39, 62, 11, #396211, 0
7c, 5f, 18, #7c5f18, 0
58, 3f, dd, #583fdd, 1
1f, c7, b2, #1fc7b2, 0
37, 6e, 25, #376e25, 0
27, 0b, df, #270bdf, 1
9e, 39, 75, #9e3975, 1
d6, 81, 16, #d68116, 0
f1, 11, fb, #f111fb, 0
8e, 35, 62, #8e3562, 1
f5, 48, dc, #f548dc, 0
45, 60, 0f, #45600f, 0
cb, c9, 94, #cbc994, 0
b1, 8b, bd, #b18bbd, 1
d3, 47, a0, #d347a0, 1
fc, 71, 5f, #fc715f, 0
8a, 94, ff, #8a94ff, 0
35, 35, 90, #353590, 0
3a, 7b, 80, #3a7b80, 0
4c, da, 31, #4cda31, 0
42, b5, 85, #42b585, 0
90, a6, 6f, #90a66f, 0
63, 88, 68, #638868, 0
46, 67, 23, #466723, 0
64, c3, 4d, #64c34d, 0
64, 71, 27, #647127, 0
09, 36, ae, #0936ae, 0
3d, 5e, 11, #3d5e11, 0
53, f8, 01, #53f801, 0
f0, 75, 5b, #f0755b, 0
8a, a4, e2, #8aa4e2, 0
b6, ff, 5b, #b6ff5b, 0
03, 25, 87, #032587, 0
2b, a9, 12, #2ba912, 0
ec, c5, 3b, #ecc53b, 0
98, e1, 07, #98e107, 0
77, bb, f4, #77bbf4, 0
79, 59, 89, #795989, 1
d2, 93, 04, #d29304, 0
3e, 9c, 55, #3e9c55, 0
b7, 33, 16, #b73316, 0
64, 2c, 1a, #642c1a, 0
ac, ec, d4, #acecd4, 0
e7, e1, 38, #e7e138, 0
2e, 64, e2, #2e64e2, 0
36, 60, a4, #3660a4, 0
22, 43, c3, #2243c3, 0
8e, 7a, 67, #8e7a67, 0
16, cb, fd, #16cbfd, 0
48, fb, 0e, #48fb0e, 0
13, 5d, 42, #135d42, 0
9e, 69, 59, #9e6959, 0
35, 53, 81, #355381, 0
1c, 2e, 6b, #1c2e6b, 0
c5, 0f, 8b, #c50f8b, 0
42, 62, 28, #426228, 0
e4, bc, 05, #e4bc05, 0
3d, db, ec, #3ddbec, 0
bf, 2b, 85, #bf2b85, 1
fe, 45, b8, #fe45b8, 0
c4, a9, 17, #c4a917, 0
35, 55, 37, #355537, 0
8d, d3, 00, #8dd300, 0
7d, 11, f9, #7d11f9, 1
c0, de, ac, #c0deac, 0
24, 9e, ea, #249eea, 0
fe, 85, 0f, #fe850f, 0
37, 67, 92, #376792, 0
cf, d9, 53, #cfd953, 0
a2, 21, 10, #a22110, 0
ce, 91, 7b, #ce917b, 0
3e, cd, d9, #3ecdd9, 0
c2, 7c, 0a, #c27c0a, 0
4f, 5a, 9b, #4f5a9b, 0
bc, 53, 77, #bc5377, 1
7e, ce, 9c, #7ece9c, 0
25, cf, 81, #25cf81, 0
9e, 13, 6a, #9e136a, 1
07, 83, 2d, #07832d, 0
50, f3, 9d, #50f39d, 0
a7, b8, b4, #a7b8b4, 0
24, 8a, d4, #248ad4, 0
4f, 71, 00, #4f7100, 0
dd, 49, a8, #dd49a8, 0
c2, 5e, fb, #c25efb, 1
d8, 6c, 2e, #d86c2e, 0
2a, 65, 20, #2a6520, 0
f9, dd, 94, #f9dd94, 0
51, 48, 3e, #51483e, 0
c7, a2, 32, #c7a232, 0
5a, 27, ee, #5a27ee, 1
db, 6a, f9, #db6af9, 1
86, ce, cb, #86cecb, 0
bf, 33, 39, #bf3339, 0
7e, 5a, c1, #7e5ac1, 1
f3, ab, 44, #f3ab44, 0
b5, 1d, 4c, #b51d4c, 0
09, 99, b7, #0999b7, 0
5c, a6, 5e, #5ca65e, 0
69, 45, 15, #694515, 0
97, ba, 37, #97ba37, 0
32, a2, 73, #32a273, 0
88, 12, ed, #8812ed, 1
12, 4e, 32, #124e32, 0
9e, 58, bd, #9e58bd, 1
b9, 1f, 3b, #b91f3b, 0
9c, 7e, 87, #9c7e87, 0
8c, 52, 0b, #8c520b, 0
36, d5, b1, #36d5b1, 0
f6, 07, fa, #f607fa, 0
74, aa, eb, #74aaeb, 0
24, d8, f8, #24d8f8, 0
d0, da, 26, #d0da26, 0
06, e3, ca, #06e3ca, 0
a3, d9, 19, #a3d919, 0
f5, 73, cc, #f573cc, 0
8c, de, ae, #8cdeae, 0
f4, ed, 43, #f4ed43, 0
55, 23, e7, #5523e7, 1
67, 78, 8d, #67788d, 0
e3, d6, 8f, #e3d68f, 0
8f, a7, 6b, #8fa76b, 0
96, 64, a2, #9664a2, 1
65, 6c, dc, #656cdc, 0
a4, a5, cc, #a4a5cc, 0
53, 1a, c7, #531ac7, 1
1f, 2f, 8a, #1f2f8a, 0
eb, f8, a9, #ebf8a9, 0
16, 60, c8, #1660c8, 0
e6, ad, 9b, #e6ad9b, 0
c4, 95, b1, #c495b1, 1
13, e0, aa, #13e0aa, 0
12, 61, cb, #1261cb, 0
4e, 07, 43, #4e0743, 1
f9, 83, b7, #f983b7, 0
cc, 76, 3e, #cc763e, 0
b8, 84, 45, #b88445, 0
f1, 8c, a1, #f18ca1, 0
52, ca, 2f, #52ca2f, 0
13, b3, bb, #13b3bb, 0
39, 30, df, #3930df, 1
e7, e1, 8b, #e7e18b, 0
bc, cf, ba, #bccfba, 0
16, 84, 3b, #16843b, 0
50, d3, 83, #50d383, 0
3b, ef, 7a, #3bef7a, 0
51, 64, 52, #516452, 0
33, 00, 65, #330065, 1
b3, 2a, 38, #b32a38, 0
d7, 0d, d7, #d70dd7, 0
0b, ef, 01, #0bef01, 0
f8, c1, 9e, #f8c19e, 0
92, f4, db, #92f4db, 0
88, 45, 28, #884528, 0
ec, 54, b3, #ec54b3, 0
5a, 6b, 1e, #5a6b1e, 0
ff, 63, f5, #ff63f5, 0
bb, 1e, 2c, #bb1e2c, 0
4a, 82, 04, #4a8204, 0
b1, ff, 24, #b1ff24, 0
10, b0, 51, #10b051, 0
4e, e5, be, #4ee5be, 0
1a, a1, 4f, #1aa14f, 0
78, 70, ce, #7870ce, 1
a6, 23, d8, #a623d8, 1
31, c5, 12, #31c512, 0
86, ec, db, #86ecdb, 0
50, 6f, 90, #506f90, 0
c0, 86, f4, #c086f4, 1
24, f9, 0b, #24f90b, 0
a7, 05, a9, #a705a9, 1
a7, 89, 41, #a78941, 0
09, 95, a8, #0995a8, 0
88, 39, 15, #883915, 0
cd, 33, 12, #cd3312, 0
3e, 30, 5b, #3e305b, 1
32, 12, fb, #3212fb, 0
f0, 96, 76, #f09676, 0
5e, 2f, fe, #5e2ffe, 1
54, 1f, ab, #541fab, 1
06, cb, 58, #06cb58, 0
52, f0, 67, #52f067, 0
8b, 1b, fa, #8b1bfa, 1
31, 9c, 74, #319c74, 0
67, 99, 9a, #67999a, 0
24, b2, 0f, #24b20f, 0
4e, f1, 35, #4ef135, 0
26, db, b1, #26dbb1, 0
07, 4d, 9d, #074d9d, 0
9f, 7c, a6, #9f7ca6, 1
61, 49, e1, #6149e1, 1
b7, 95, 3b, #b7953b, 0
da, 5b, 96, #da5b96, 0
bb, 70, a4, #bb70a4, 1
d5, 00, 2f, #d5002f, 0
7b, 81, 0c, #7b810c, 0
ea, 3a, 75, #ea3a75, 0
ee, 34, 16, #ee3416, 0
6a, 2e, 24, #6a2e24, 0
4d, 21, 1a, #4d211a, 0
0c, 5a, 94, #0c5a94, 0
8b, f4, 58, #8bf458, 0
29, fc, bf, #29fcbf, 0
82, 44, 60, #824460, 1
50, 48, 6b, #50486b, 1
da, 73, e4, #da73e4, 0
87, df, 1c, #87df1c, 0
a4, 07, f3, #a407f3, 1
42, c9, ee, #42c9ee, 0
b2, e3, b0, #b2e3b0, 0
ee, 2a, 7f, #ee2a7f, 1
89, a6, cd, #89a6cd, 0
83, 82, de, #8382de, 1
e7, 5e, fb, #e75efb, 1
ee, f0, b8, #eef0b8, 0
88, 55, 5d, #88555d, 1
e1, e3, 76, #e1e376, 0
b2, 19, 70, #b21970, 1
d9, 23, a2, #d923a2, 0
9e, 54, 7f, #9e547f, 1
58, 06, b9, #5806b9, 1
79, 4e, 57, #794e57, 0
43, 01, 69, #430169, 1
af, 0f, 7b, #620743, 1
36, 85, 24, #368524, 0
53, c6, 46, #53c646, 0
03, 10, 10, #031010, 0
a9, 7c, 4b, #a97c4b, 0
43, c2, e6, #43c2e6, 0
1a, 3c, b7, #1a3cb7, 0
25, f5, 16, #25f516, 0
4c, 10, ae, #4c10ae, 1
00, d0, 85, #00d085, 0
89, 1d, 64, #891d64, 1
fe, e0, 10, #fee010, 0
2a, 1b, 2b, #2a1b2b, 1
62, fb, ca, #62fbca, 0
2a, c0, 25, #2ac025, 0
ed, 00, f1, #ed00f1, 0
d8, 25, 5e, #d8255e, 0
16, b8, a4, #16b8a4, 0
58, 34, 78, #583478, 1
4e, 97, 88, #4e9788, 0
fc, 1f, 37, #fc1f37, 0
4a, 46, de, #4a46de, 1
54, b4, a4, #54b4a4, 0
5b, ca, 12, #5bca12, 0
6c, 24, ce, #6c24ce, 1
e3, ec, f4, #e3ecf4, 0
b4, 83, 1f, #b4831f, 0
f0, 43, 91, #f04391, 0
a2, 87, fe, #a287fe, 1
1b, 22, 27, #1b2227, 0
8c, b9, 96, #8cb996, 0
26, f3, 6e, #26f36e, 0
e4, 47, c1, #e447c1, 0
05, ca, ed, #05caed, 0
ea, be, e0, #eabee0, 0
ab, 8c, c4, #ab8cc4, 1
95, 77, bf, #9577bf, 1
74, 01, b1, #7401b1, 1
8a, e8, d9, #8ae8d9, 0
de, 63, 7f, #de637f, 0
18, a0, 23, #18a023, 0
90, a2, f6, #90a2f6, 1
dd, 28, 64, #dd2864, 0
0a, e7, ff, #0ae7ff, 0
a5, e6, 42, #a5e642, 0
98, 0a, be, #980abe, 1
9c, 88, 4f, #9c884f, 0
b9, 6a, 99, #b96a99, 1
46, c2, b0, #46c2b0, 0
c7, 6d, 74, #c76d74, 0
3b, 0a, be, #3b0abe, 1
e4, 66, d2, #e466d2, 0
ce, 88, 8a, #ce888a, 0
6e, 0a, 81, #6e0a81, 1
41, 6b, 9e, #416b9e, 0
01, 94, 18, #019418, 0
e9, c3, 7b, #e9c37b, 0
c5, d8, cd, #c5d8cd, 0
76, 19, 5b, #76195b, 1
28, 8e, 11, #288e11, 0
53, 80, a0, #5380a0, 0
80, 2a, 8c, #802a8c, 1
2a, c4, f1, #2ac4f1, 0
b3, 3d, e7, #b33de7, 1
07, 6c, 7a, #076c7a, 0
4a, 5c, 95, #4a5c95, 0
70, 5b, c1, #705bc1, 1
ab, eb, dc, #abebdc, 0
d8, dc, 15, #d8dc15, 0
67, 91, 68, #679168, 0
88, 62, a6, #8862a6, 1
4a, ba, b5, #4abab5, 0
c1, ad, 63, #c1ad63, 0
fd, 42, fb, #fd42fb, 0
f7, 9a, d8, #f79ad8, 0
78, c0, 1f, #78c01f, 0
44, c6, fa, #44c6fa, 0
29, 80, 64, #298064, 0
43, 3b, 57, #433b57, 1
11, 65, 6e, #11656e, 0
6a, 02, fd, #6a02fd, 1
67, 2a, b6, #672ab6, 1
e4, 3b, fd, #e43bfd, 0
51, 18, d8, #5118d8, 1
39, 0a, 90, #390a90, 1
33, 1d, 5d, #331d5d, 1
b3, 0f, 26, #b30f26, 0
07, 20, b3, #0720b3, 0
43, 6c, 34, #436c34, 0
d7, 5e, 40, #d75e40, 0
e9, 7b, dc, #e97bdc, 0
14, 4a, 85, #144a85, 0
1a, f2, 0d, #1af20d, 0
03, 03, 4a, #03034a, 0
b1, 81, 47, #b18147, 0
93, 61, 57, #936157, 0
55, 8d, 08, #558d08, 0
1d, ce, a9, #1dcea9, 0
29, 8d, f8, #298df8, 0
19, 76, 64, #197664, 0
6b, a3, 7c, #6ba37c, 0
73, 70, ef, #7370ef, 1
8d, d2, cf, #8dd2cf, 0
5a, c6, 9f, #5ac69f, 0
fa, 05, c4, #fa05c4, 0
e1, 8e, 8d, #e18e8d, 0
b9, b8, b8, #b9b8b8, 0
0d, a7, 8f, #0da78f, 0
90, 34, 4b, #90344b, 0
8b, eb, 70, #8beb70, 0
00, 46, 56, #004656, 0
bb, e2, 6c, #bbe26c, 0
65, c4, 62, #65c462, 0
67, d4, fe, #67d4fe, 0
eb, 25, 0f, #eb250f, 0
f1, 74, c6, #f174c6, 0
45, 0e, 40, #450e40, 1
2c, 94, d5, #2c94d5, 0
64, 84, 84, #648484, 0
e5, 64, 9e, #e5649e, 0
32, b7, 84, #32b784, 0
dd, eb, 5c, #ddeb5c, 0
05, 6f, 54, #056f54, 0
13, b5, 94, #13b594, 0
d1, 4d, d2, #d14dd2, 0
b6, ba, 05, #b6ba05, 0
cd, 25, 4f, #cd254f, 0
ab, 56, 4b, #ab564b, 0
3e, 13, 1d, #3e131d, 0
ab, 4e, d8, #ab4ed8, 1
79, 47, 71, #794771, 1
27, ee, 01, #27ee01, 0
87, c5, 35, #87c535, 0
a6, 44, 3a, #a6443a, 0
1c, 9a, 5a, #1c9a5a, 0
2c, 06, f4, #2c06f4, 0
44, f4, 52, #44f452, 0
ab, dc, 7f, #abdc7f, 0
b9, 38, 9d, #b9389d, 1
40, 8e, 68, #408e68, 0
d0, 2d, 48, #d02d48, 0
31, bb, f9, #31bbf9, 0
44, 37, ad, #4437ad, 1
b6, 42, 4c, #b6424c, 0
cb, af, 9b, #cbaf9b, 0
f4, 6b, ca, #f46bca, 0
14, 8e, 3c, #148e3c, 0
08, 3c, 3b, #083c3b, 0
c6, f7, 7a, #c6f77a, 0
21, e9, 82, #21e982, 0
b4, f0, 7b, #b4f07b, 0
ba, 9d, fc, #ba9dfc, 0
ea, 08, bd, #ea08bd, 0
55, ae, e1, #55aee1, 0
09, e3, c7, #09e3c7, 0
a7, c2, 50, #a7c250, 0
0f, 5e, 3b, #0f5e3b, 0
93, 04, 0d, #93040d, 0
b8, 20, 2e, #b8202e, 0
df, 11, a6, #df11a6, 0
e2, ec, 7d, #e2ec7d, 0
36, a6, 7a, #36a67a, 0
9f, 2f, 4d, #9f2f4d, 0
e0, 50, 1b, #e0501b, 0
be, 5a, b5, #be5ab5, 0
2d, 43, 6f, #2d436f, 0
2d, e2, f1, #2de2f1, 0
1e, a6, 35, #1ea635, 0
00, 8a, 79, #008a79, 0
c5, 25, aa, #c525aa, 1
c5, 80, 9d, #c5809d, 0
1a, 56, dd, #1a56dd, 0
69, 9b, 13, #699b13, 0
93, 8c, ca, #938cca, 1
5f, f5, 64, #5ff564, 0
2b, d0, da, #2bd0da, 0
04, ae, f0, #04aef0, 0
df, 0c, 4e, #df0c4e, 0
d6, 06, dd, #d606dd, 1
3a, 2e, 47, #3a2e47, 0
5b, a9, 72, #5ba972, 0
dc, 2f, f8, #dc2ff8, 1
14, 83, 5c, #14835c, 0
8e, 08, d4, #8e08d4, 1
24, c3, ec, #24c3ec, 0
73, a8, 4c, #73a84c, 0
89, dd, eb, #89ddeb, 0
90, f8, 6f, #90f86f, 0
bb, 52, f9, #bb52f9, 1
b0, ea, 88, #b0ea88, 0
2b, de, 55, #2bde55, 0
4f, d8, dd, #4fd8dd, 0
71, 0d, 82, #710d82, 1
f3, f3, 29, #f3f329, 0
b6, 02, 93, #b60293, 1
0d, c7, b3, #0dc7b3, 0
95, 7d, 7c, #957d7c, 0
aa, 79, be, #aa79be, 1
3f, 68, 18, #3f6818, 0
2b, 58, 2d, #2b582d, 0
ac, 18, 37, #ac1837, 0
5d, 12, 2c, #5d122c, 0
9e, dc, f3, #9edcf3, 0
1e, 5a, e0, #1e5ae0, 0
74, 98, e7, #7498e7, 0
fa, 51, d3, #fa51d3, 0
c8, 2d, 55, #c82d55, 0
83, a5, 77, #83a577, 0
a2, 35, 84, #a23584, 1
34, d7, 96, #34d796, 0
92, c6, 6e, #92c66e, 0
13, ec, 41, #13ec41, 0
c6, e9, cf, #c6e9cf, 0
a2, 16, b8, #a216b8, 1
ec, 3e, b5, #ec3eb5, 0
2a, 3c, 93, #2a3c93, 0
d8, 95, 60, #d89560, 0
dd, a5, 6e, #dda56e, 0
d8, 8e, 05, #d88e05, 0
8c, be, ba, #8cbeba, 0
60, c5, f4, #60c5f4, 0
e9, 6d, 02, #e96d02, 0
39, db, 6c, #39db6c, 0
6a, 2d, d0, #6a2dd0, 1
92, ef, 04, #92ef04, 0
5b, b8, f7, #5bb8f7, 0
5f, c0, f2, #5fc0f2, 0
f2, 55, 67, #f25567, 0
2c, 92, ea, #2c92ea, 0
7d, 9e, 0f, #7d9e0f, 0
b3, 10, d1, #b310d1, 1
d2, 1e, c8, #d21ec8, 1
89, 68, fb, #8968fb, 1
d3, dd, c7, #d3ddc7, 0
95, 2e, 17, #952e17, 0
a4, f1, 9e, #a4f19e, 0
d1, 9c, 59, #d19c59, 0
3c, 9f, f5, #3c9ff5, 0
f7, f2, 04, #f7f204, 0
a7, 48, 46, #a74846, 0
03, 7e, 56, #037e56, 0
a6, d7, ba, #a6d7ba, 0
0b, 18, c5, #0b18c5, 0
e7, 65, a4, #e765a4, 0
4b, e5, c4, #4be5c4, 0
63, 6d, c6, #636dc6, 1
65, 5f, d7, #655fd7, 1
fa, 1c, 8d, #fa1c8d, 0
21, d4, 6e, #21d46e, 0
44, 5f, 2d, #445f2d, 0
b1, a5, aa, #b1a5aa, 0
8a, e2, b7, #8ae2b7, 0
5c, f5, 6f, #5cf56f, 0
52, 17, ac, #5217ac, 1
ad, a4, f5, #ada4f5, 1
40, a9, 9d, #40a99d, 0
f4, 9f, 8f, #f49f8f, 0
a1, 57, a9, #a157a9, 1
23, 14, 1e, #23141e, 0
d6, 44, c3, #d644c3, 0
37, b8, 18, #37b818, 0
11, 5c, 01, #115c01, 0
b1, 83, a7, #b183a7, 0
c1, e8, 44, #c1e844, 0
ec, 2a, 6f, #ec2a6f, 0
c0, 92, 86, #c09286, 0
3e, 99, 07, #3e9907, 0
c9, ef, 4c, #c9ef4c, 0
f7, 03, 1a, #f7031a, 0
2e, f7, 1b, #2ef71b, 0
c1, 38, d7, #c138d7, 1
35, b7, 71, #35b771, 0
ad, d0, 7b, #add07b, 0
e9, 0a, 2b, #e90a2b, 0
ae, c1, f2, #aec1f2, 0
31, c7, 1f, #31c71f, 0
17, 54, a3, #1754a3, 0
56, 0a, 30, #560a30, 0
10, 1b, 42, #101b42, 0
92, e3, 4d, #92e34d, 0
e5, 1d, 4a, #e51d4a, 0
dd, 2a, bb, #dd2abb, 0
c4, 77, 0b, #c4770b, 0
62, 8e, 28, #628e28, 0
58, 57, 8b, #58578b, 1
c4, ed, 91, #c4ed91, 0
d1, 3f, 9c, #d13f9c, 0
4d, e0, 9b, #4de09b, 0
a5, 37, e5, #a537e5, 1
18, 07, e7, #1807e7, 0
bc, 48, ac, #bc48ac, 1
18, 47, 97, #184797, 0
37, b2, d4, #37b2d4, 0
ae, d7, e4, #aed7e4, 0
68, ca, e0, #68cae0, 0
35, de, 53, #35de53, 0
fc, f8, e3, #fcf8e3, 0
1a, 6c, 9d, #1a6c9d, 0
b9, 24, ba, #b924ba, 0
f8, 44, 82, #f84482, 0
e5, 15, ba, #e515ba, 0
cd, cd, 5c, #cdcd5c, 0
dd, 74, ae, #dd74ae, 0
c6, f9, 44, #c6f944, 0
15, bd, 4f, #15bd4f, 0
5b, b3, bc, #5bb3bc, 0
24, 1d, a5, #241da5, 1
5f, 1b, c8, #5f1bc8, 1
f8, 84, aa, #f884aa, 0
f6, 15, d0, #f615d0, 0
08, 61, 69, #086169, 0
d0, 32, fc, #d032fc, 1
85, 44, b8, #8544b8, 1
2c, c7, 0f, #2cc70f, 0
e8, f7, 27, #e8f727, 0
30, fd, 74, #30fd74, 0
7a, 10, 54, #7a1054, 1
12, 59, 1e, #12591e, 0
13, f7, 4a, #13f74a, 0
72, 82, 6c, #72826c, 0
22, 93, 8e, #22938e, 0
3f, ab, c1, #3fabc1, 0
46, be, 83, #46be83, 0
05, 2e, 13, #052e13, 0
eb, 39, dd, #eb39dd, 0
ed, 7a, 16, #ed7a16, 0
f1, f7, ca, #f1f7ca, 0
f9, 5a, 23, #f95a23, 0
c9, 5d, c9, #c95dc9, 1
9f, b9, fa, #9fb9fa, 0
b0, f7, 91, #b0f791, 0
f6, cc, 06, #f6cc06, 0
13, da, 2d, #13da2d, 0
b5, 05, bd, #b505bd, 1
67, ea, 6b, #67ea6b, 0
3a, 34, ef, #3a34ef, 1
d2, d0, 22, #d2d022, 0
70, 07, 78, #700778, 1
1a, 79, 61, #1a7961, 0
74, 51, 46, #745146, 0
74, b3, 03, #74b303, 0
0c, e4, 71, #0ce471, 0
70, b0, 76, #70b076, 0
de, 70, 12, #de7012, 0
80, 05, b1, #8005b1, 1
eb, fc, 45, #ebfc45, 0
19, 10, d4, #1910d4, 0
4e, d1, a5, #4ed1a5, 0
cf, e1, d2, #cfe1d2, 0
d4, 0a, 91, #d40a91, 1
2d, cc, 83, #2dcc83, 0
e0, b7, 6a, #e0b76a, 0
96, 81, 79, #968179, 0
78, ec, 38, #78ec38, 0
ef, c0, cd, #efc0cd, 0
ee, 32, ee, #ee32ee, 0
e9, 90, 80, #e99080, 0
db, da, c7, #dbdac7, 0
2d, 52, 8d, #2d528d, 0
3e, 39, a1, #3e39a1, 1
85, a2, 7e, #85a27e, 0
d2, 4f, 25, #d24f25, 0
73, ef, 5f, #73ef5f, 0
dc, 58, c2, #dc58c2, 0
aa, aa, a1, #aaaaa1, 0
ec, b5, f3, #ecb5f3, 0
3d, 55, d9, #3d55d9, 0
8a, 52, 7a, #8a527a, 1
d8, af, 62, #d8af62, 0
09, b3, 7b, #09b37b, 0
42, df, be, #42dfbe, 0
90, 92, 35, #909235, 0
38, 10, 9c, #38109c, 1
b4, 0c, c3, #b40cc3, 1
f6, 95, f8, #f695f8, 0
15, ec, 48, #15ec48, 0
8e, b8, c0, #8eb8c0, 0
80, ba, 03, #80ba03, 0
d5, f5, c9, #d5f5c9, 0
9d, 10, f2, #9d10f2, 1
30, 43, 7e, #30437e, 0
8b, 75, e2, #8b75e2, 1
06, 97, 98, #069798, 0
ac, 54, 4a, #ac544a, 0
14, c7, b9, #14c7b9, 0
7b, 46, 6e, #7b466e, 1
66, 1a, c5, #661ac5, 1
e3, ef, 1f, #e3ef1f, 0
26, 8a, 8c, #268a8c, 0
e0, 9f, 03, #e09f03, 0
b6, a6, 68, #b6a668, 0
ad, 34, f7, #ad34f7, 1
26, 61, c4, #2661c4, 0
d6, e6, ff, #d6e6ff, 0
d0, b7, 0c, #d0b70c, 0
63, 40, f1, #6340f1, 1
3f, a0, 15, #3fa015, 0
e7, 8c, 5c, #e78c5c, 0
31, c2, 01, #31c201, 0
5d, 28, ae, #5d28ae, 1
e8, b0, eb, #e8b0eb, 0
7f, ce, cd, #7fcecd, 0
e0, 88, 97, #e08897, 0
8d, 17, d9, #8d17d9, 1
d9, b4, 30, #d9b430, 0
82, ee, 96, #82ee96, 0
ab, 9e, 29, #ab9e29, 0
5a, e6, e7, #5ae6e7, 0
cf, d5, 3d, #cfd53d, 0
5d, b3, 0a, #5db30a, 0
7d, 6b, af, #7d6baf, 1
89, 13, 53, #891353, 1
0b, 09, b3, #0b09b3, 0
f2, 93, cb, #f293cb, 0
e6, 97, c8, #e697c8, 0
f9, 71, bc, #f971bc, 0
ec, 10, 3b, #ec103b, 0
81, c9, 6b, #81c96b, 0
9b, bf, 73, #9bbf73, 0
cd, f6, 97, #cdf697, 0
a4, 4a, 04, #a44a04, 0
b6, 78, a4, #b678a4, 1
c6, 4e, b0, #c64eb0, 1
8d, 0b, 59, #8d0b59, 1
17, 2b, 38, #172b38, 0
6a, 3e, 81, #6a3e81, 1
e1, c0, 17, #e1c017, 0
7d, c5, 75, #7dc575, 0
a3, ea, 3d, #a3ea3d, 0
7c, 83, 36, #7c8336, 0
57, 73, a4, #5773a4, 0
d0, 6e, d5, #d06ed5, 0
ca, 3e, fe, #ca3efe, 0
94, 0a, 4c, #940a4c, 0
db, 51, 41, #db5141, 0
ba, ae, 96, #baae96, 0
49, 4b, 87, #494b87, 0
44, 77, 7d, #44777d, 0
8e, 99, a7, #8e99a7, 0
9d, ea, 72, #9dea72, 0
a8, d3, b3, #a8d3b3, 0
12, ee, 09, #12ee09, 0
d9, 88, 5d, #d9885d, 0
0c, c5, 55, #0cc555, 0
1c, 51, 4c, #1c514c, 0
74, 6c, ea, #746cea, 1
65, 2e, 54, #652e54, 1
df, cd, 0e, #dfcd0e, 0
7d, 1b, aa, #7d1baa, 1
f2, af, 14, #f2af14, 0
b2, 5f, ae, #b25fae, 1
c0, 9e, c3, #c09ec3, 0
b1, fe, de, #b1fede, 0
a4, 3f, 1a, #a43f1a, 0
0c, d7, 8a, #0cd78a, 0
e0, 4b, 79, #e04b79, 0
